{
  "blurb_token": {
    "f1": 0.4764336993842399,
    "fn": 7969,
    "fp": 10482,
    "macro_f1": 0.47591342156894706,
    "metadata": {
      "label_space": [
        "O",
        "I-PAR",
        "I-INT",
        "I-OUT"
      ],
      "missing_docs": "Missing prediction docs are treated as all-O predictions.",
      "positive_labels": [
        "I-PAR",
        "I-INT",
        "I-OUT"
      ],
      "primary_f1_excludes_o": true
    },
    "per_label": {
      "I": {
        "f1": 0.35698534180827607,
        "fn": 2187,
        "fp": 2770,
        "precision": 0.33188615533043897,
        "recall": 0.3861914117316868,
        "tp": 1376
      },
      "O": {
        "f1": 0.47791083828117137,
        "fn": 3341,
        "fp": 7035,
        "precision": 0.4030040733197556,
        "recall": 0.5870210135970334,
        "tp": 4749
      },
      "P": {
        "f1": 0.5928440846173936,
        "fn": 2441,
        "fp": 677,
        "precision": 0.7702748557855447,
        "recall": 0.4818509870515814,
        "tp": 2270
      }
    },
    "precision": 0.4447210891561159,
    "recall": 0.5130163774138352,
    "tp": 8395
  },
  "counts": {
    "bio_prediction_docs": 191,
    "gold_docs": 191,
    "prediction_spans": 2354
  },
  "evaluator_version": "phase5-v1",
  "exact_span": {
    "duplicates": {
      "count": 0,
      "rate": 0.0
    },
    "f1": 0.10671997539597108,
    "fn": 3802,
    "fp": 2007,
    "macro_f1": 0.127476397153216,
    "metadata": {
      "match_definition": "Exact match on doc_id, label, start_token, and end_token."
    },
    "per_label": {
      "I": {
        "f1": 0.07348643006263049,
        "fn": 1636,
        "fp": 583,
        "precision": 0.13114754098360656,
        "recall": 0.05104408352668213,
        "tp": 88
      },
      "O": {
        "f1": 0.09749756256093597,
        "fn": 1643,
        "fp": 1134,
        "precision": 0.11682242990654206,
        "recall": 0.08365867261572783,
        "tp": 150
      },
      "P": {
        "f1": 0.21144519883608148,
        "fn": 523,
        "fp": 290,
        "precision": 0.2731829573934837,
        "recall": 0.17246835443037975,
        "tp": 109
      }
    },
    "precision": 0.14740866610025488,
    "recall": 0.08363461074957822,
    "tp": 347
  },
  "inputs": {
    "gold_path": "results/data/test.examples.jsonl",
    "prediction_format": "spans",
    "prediction_path": "results/preds/llm/few_shot_text_newprovider_2026-05-15_r2_w8/validated.spans.jsonl"
  },
  "method": "openai_llm",
  "overlap_subset": {
    "f1": 0.08464566929133858,
    "fn": 1236,
    "fp": 624,
    "macro_f1": 0.10558061854891826,
    "metadata": {
      "gold_doc_count": 58,
      "match_definition": "Exact span metrics restricted to gold docs with metadata.has_overlap == true."
    },
    "per_label": {
      "I": {
        "f1": 0.06593406593406594,
        "fn": 512,
        "fp": 168,
        "precision": 0.125,
        "recall": 0.04477611940298507,
        "tp": 24
      },
      "O": {
        "f1": 0.0606060606060606,
        "fn": 556,
        "fp": 343,
        "precision": 0.07795698924731183,
        "recall": 0.04957264957264957,
        "tp": 29
      },
      "P": {
        "f1": 0.19020172910662825,
        "fn": 168,
        "fp": 113,
        "precision": 0.22602739726027396,
        "recall": 0.16417910447761194,
        "tp": 33
      }
    },
    "precision": 0.12112676056338029,
    "recall": 0.06505295007564296,
    "tp": 86
  },
  "relaxed_span": {
    "f1": 0.5422112870982624,
    "fn": 2386,
    "fp": 591,
    "macro_f1": 0.5385535428173102,
    "metadata": {
      "match_definition": "One-to-one greedy match within the same doc_id and label when predicted and gold token intervals overlap by at least one token; candidates are sorted by descending overlap token count."
    },
    "per_label": {
      "I": {
        "f1": 0.41419624217119,
        "fn": 1228,
        "fp": 175,
        "precision": 0.7391952309985097,
        "recall": 0.2877030162412993,
        "tp": 496
      },
      "O": {
        "f1": 0.6330841728956775,
        "fn": 819,
        "fp": 310,
        "precision": 0.7585669781931464,
        "recall": 0.543223647518126,
        "tp": 974
      },
      "P": {
        "f1": 0.5683802133850631,
        "fn": 339,
        "fp": 106,
        "precision": 0.7343358395989975,
        "recall": 0.46360759493670883,
        "tp": 293
      }
    },
    "precision": 0.7489379779099405,
    "recall": 0.4249216678717763,
    "tp": 1763
  },
  "setting": "few_shot_text_newprovider_2026-05-15_r2_w8",
  "split": "test",
  "warnings": []
}
