{
  "blurb_token": {
    "f1": 0.42991335330796016,
    "fn": 11055,
    "fp": 3025,
    "macro_f1": 0.42493499778972693,
    "metadata": {
      "label_space": [
        "O",
        "I-PAR",
        "I-INT",
        "I-OUT"
      ],
      "missing_docs": "Missing prediction docs are treated as all-O predictions.",
      "positive_labels": [
        "I-PAR",
        "I-INT",
        "I-OUT"
      ],
      "primary_f1_excludes_o": true
    },
    "per_label": {
      "I": {
        "f1": 0.2889677610174505,
        "fn": 2586,
        "fp": 2222,
        "precision": 0.30540793998124416,
        "recall": 0.2742071288240247,
        "tp": 977
      },
      "O": {
        "f1": 0.44895728986431116,
        "fn": 5625,
        "fp": 426,
        "precision": 0.8526461432030439,
        "recall": 0.3046971569839308,
        "tp": 2465
      },
      "P": {
        "f1": 0.5368799424874191,
        "fn": 2844,
        "fp": 377,
        "precision": 0.8319964349376114,
        "recall": 0.3963065166631288,
        "tp": 1867
      }
    },
    "precision": 0.6370290376769858,
    "recall": 0.32443167929601563,
    "tp": 5309
  },
  "counts": {
    "bio_prediction_docs": 191,
    "gold_docs": 191,
    "prediction_spans": 1411
  },
  "evaluator_version": "phase5-v1",
  "exact_span": {
    "duplicates": {
      "count": 0,
      "rate": 0.0
    },
    "f1": 0.10683453237410072,
    "fn": 3852,
    "fp": 1114,
    "macro_f1": 0.12363170181017206,
    "metadata": {
      "match_definition": "Exact match on doc_id, label, start_token, and end_token."
    },
    "per_label": {
      "I": {
        "f1": 0.020689655172413793,
        "fn": 1703,
        "fp": 285,
        "precision": 0.06862745098039216,
        "recall": 0.012180974477958236,
        "tp": 21
      },
      "O": {
        "f1": 0.13508297954457738,
        "fn": 1618,
        "fp": 623,
        "precision": 0.21929824561403508,
        "recall": 0.09760178471834914,
        "tp": 175
      },
      "P": {
        "f1": 0.215122470713525,
        "fn": 531,
        "fp": 206,
        "precision": 0.3289902280130293,
        "recall": 0.15981012658227847,
        "tp": 101
      }
    },
    "precision": 0.21048901488306165,
    "recall": 0.07158351409978309,
    "tp": 297
  },
  "inputs": {
    "gold_path": "results/data/test.examples.jsonl",
    "prediction_format": "spans",
    "prediction_path": "results/preds/llm/few_shot_text_newprovider_2026-05-15_r3_o_mentions/validated.spans.jsonl"
  },
  "method": "llm",
  "overlap_subset": {
    "f1": 0.07175398633257403,
    "fn": 1259,
    "fp": 371,
    "macro_f1": 0.08511244588000244,
    "metadata": {
      "gold_doc_count": 58,
      "match_definition": "Exact span metrics restricted to gold docs with metadata.has_overlap == true."
    },
    "per_label": {
      "I": {
        "f1": 0.012698412698412698,
        "fn": 532,
        "fp": 90,
        "precision": 0.0425531914893617,
        "recall": 0.007462686567164179,
        "tp": 4
      },
      "O": {
        "f1": 0.08526187576126674,
        "fn": 550,
        "fp": 201,
        "precision": 0.1483050847457627,
        "recall": 0.05982905982905983,
        "tp": 35
      },
      "P": {
        "f1": 0.15737704918032788,
        "fn": 177,
        "fp": 80,
        "precision": 0.23076923076923078,
        "recall": 0.11940298507462686,
        "tp": 24
      }
    },
    "precision": 0.14516129032258066,
    "recall": 0.047655068078668684,
    "tp": 63
  },
  "relaxed_span": {
    "f1": 0.36798561151079134,
    "fn": 3126,
    "fp": 388,
    "macro_f1": 0.3904644686706746,
    "metadata": {
      "match_definition": "One-to-one greedy match within the same doc_id and label when predicted and gold token intervals overlap by at least one token; candidates are sorted by descending overlap token count."
    },
    "per_label": {
      "I": {
        "f1": 0.26403940886699506,
        "fn": 1456,
        "fp": 38,
        "precision": 0.8758169934640523,
        "recall": 0.1554524361948956,
        "tp": 268
      },
      "O": {
        "f1": 0.3983018139714396,
        "fn": 1277,
        "fp": 282,
        "precision": 0.6466165413533834,
        "recall": 0.28778583379810374,
        "tp": 516
      },
      "P": {
        "f1": 0.5090521831735889,
        "fn": 393,
        "fp": 68,
        "precision": 0.7785016286644951,
        "recall": 0.37816455696202533,
        "tp": 239
      }
    },
    "precision": 0.7250177179305457,
    "recall": 0.24656543745480838,
    "tp": 1023
  },
  "setting": "few_shot_text_newprovider_2026-05-15_r3_o_mentions",
  "split": "test",
  "warnings": []
}
