{
  "blurb_token": {
    "f1": 0.4849245514447899,
    "fn": 7864,
    "fp": 10193,
    "macro_f1": 0.48222107222565325,
    "metadata": {
      "label_space": [
        "O",
        "I-PAR",
        "I-INT",
        "I-OUT"
      ],
      "missing_docs": "Missing prediction docs are treated as all-O predictions.",
      "positive_labels": [
        "I-PAR",
        "I-INT",
        "I-OUT"
      ],
      "primary_f1_excludes_o": true
    },
    "per_label": {
      "I": {
        "f1": 0.354073123797306,
        "fn": 2183,
        "fp": 2852,
        "precision": 0.32608695652173914,
        "recall": 0.38731406118439515,
        "tp": 1380
      },
      "O": {
        "f1": 0.4929898263906463,
        "fn": 3220,
        "fp": 6797,
        "precision": 0.4174166452387075,
        "recall": 0.6019777503090235,
        "tp": 4870
      },
      "P": {
        "f1": 0.5996002664890074,
        "fn": 2461,
        "fp": 544,
        "precision": 0.8052970651395849,
        "recall": 0.4776056039057525,
        "tp": 2250
      }
    },
    "precision": 0.454715668966993,
    "recall": 0.519432901491078,
    "tp": 8500
  },
  "counts": {
    "bio_prediction_docs": 191,
    "gold_docs": 191,
    "prediction_spans": 2287
  },
  "evaluator_version": "phase5-v1",
  "exact_span": {
    "duplicates": {
      "count": 0,
      "rate": 0.0
    },
    "f1": 0.11093847110006216,
    "fn": 3792,
    "fp": 1930,
    "macro_f1": 0.13344878380658692,
    "metadata": {
      "match_definition": "Exact match on doc_id, label, start_token, and end_token."
    },
    "per_label": {
      "I": {
        "f1": 0.060657118786857624,
        "fn": 1652,
        "fp": 578,
        "precision": 0.11076923076923077,
        "recall": 0.04176334106728538,
        "tp": 72
      },
      "O": {
        "f1": 0.11089238845144357,
        "fn": 1624,
        "fp": 1086,
        "precision": 0.1346613545816733,
        "recall": 0.09425543781372002,
        "tp": 169
      },
      "P": {
        "f1": 0.22879684418145957,
        "fn": 516,
        "fp": 266,
        "precision": 0.3036649214659686,
        "recall": 0.18354430379746836,
        "tp": 116
      }
    },
    "precision": 0.15609969392216877,
    "recall": 0.08604483007953724,
    "tp": 357
  },
  "inputs": {
    "gold_path": "results/data/test.examples.jsonl",
    "prediction_format": "spans",
    "prediction_path": "results/preds/llm/few_shot_text_newprovider_2026-05-15_r1/validated.spans.jsonl"
  },
  "method": "openai_llm",
  "overlap_subset": {
    "f1": 0.09136047666335649,
    "fn": 1230,
    "fp": 600,
    "macro_f1": 0.10775413908598823,
    "metadata": {
      "gold_doc_count": 58,
      "match_definition": "Exact span metrics restricted to gold docs with metadata.has_overlap == true."
    },
    "per_label": {
      "I": {
        "f1": 0.051630434782608696,
        "fn": 517,
        "fp": 181,
        "precision": 0.095,
        "recall": 0.03544776119402985,
        "tp": 19
      },
      "O": {
        "f1": 0.09090909090909091,
        "fn": 542,
        "fp": 318,
        "precision": 0.11911357340720222,
        "recall": 0.0735042735042735,
        "tp": 43
      },
      "P": {
        "f1": 0.18072289156626506,
        "fn": 171,
        "fp": 101,
        "precision": 0.22900763358778625,
        "recall": 0.14925373134328357,
        "tp": 30
      }
    },
    "precision": 0.1329479768786127,
    "recall": 0.06959152798789713,
    "tp": 92
  },
  "relaxed_span": {
    "f1": 0.5394655065257924,
    "fn": 2413,
    "fp": 551,
    "macro_f1": 0.5358041469536277,
    "metadata": {
      "match_definition": "One-to-one greedy match within the same doc_id and label when predicted and gold token intervals overlap by at least one token; candidates are sorted by descending overlap token count."
    },
    "per_label": {
      "I": {
        "f1": 0.40353833192923333,
        "fn": 1245,
        "fp": 171,
        "precision": 0.7369230769230769,
        "recall": 0.27784222737819025,
        "tp": 479
      },
      "O": {
        "f1": 0.6358267716535434,
        "fn": 824,
        "fp": 286,
        "precision": 0.7721115537848605,
        "recall": 0.5404350250976018,
        "tp": 969
      },
      "P": {
        "f1": 0.5680473372781064,
        "fn": 344,
        "fp": 94,
        "precision": 0.7539267015706806,
        "recall": 0.45569620253164556,
        "tp": 288
      }
    },
    "precision": 0.7590730214254482,
    "recall": 0.41841407568088695,
    "tp": 1736
  },
  "setting": "few_shot_text_newprovider_2026-05-15_r1",
  "split": "test",
  "warnings": []
}
