{
  "blurb_token": {
    "f1": 0.5362058647516458,
    "fn": 807,
    "fp": 743,
    "macro_f1": 0.5311174455788472,
    "metadata": {
      "label_space": [
        "O",
        "I-PAR",
        "I-INT",
        "I-OUT"
      ],
      "missing_docs": "Missing prediction docs are treated as all-O predictions.",
      "positive_labels": [
        "I-PAR",
        "I-INT",
        "I-OUT"
      ],
      "primary_f1_excludes_o": true
    },
    "per_label": {
      "I": {
        "f1": 0.32222222222222224,
        "fn": 178,
        "fp": 554,
        "precision": 0.23901098901098902,
        "recall": 0.4943181818181818,
        "tp": 174
      },
      "O": {
        "f1": 0.5826330532212884,
        "fn": 358,
        "fp": 89,
        "precision": 0.7780548628428927,
        "recall": 0.46567164179104475,
        "tp": 312
      },
      "P": {
        "f1": 0.688497061293031,
        "fn": 271,
        "fp": 100,
        "precision": 0.803921568627451,
        "recall": 0.6020558002936858,
        "tp": 410
      }
    },
    "precision": 0.5466748017083588,
    "recall": 0.5261303581914268,
    "tp": 896
  },
  "counts": {
    "bio_prediction_docs": 20,
    "gold_docs": 20,
    "prediction_spans": 312
  },
  "evaluator_version": "phase5-v1",
  "exact_span": {
    "duplicates": {
      "count": 0,
      "rate": 0.0
    },
    "f1": 0.13233458177278398,
    "fn": 436,
    "fp": 259,
    "macro_f1": 0.13942371277167964,
    "metadata": {
      "match_definition": "Exact match on doc_id, label, start_token, and end_token."
    },
    "per_label": {
      "I": {
        "f1": 0.05232558139534884,
        "fn": 217,
        "fp": 109,
        "precision": 0.07627118644067797,
        "recall": 0.03982300884955752,
        "tp": 9
      },
      "O": {
        "f1": 0.21404682274247494,
        "fn": 143,
        "fp": 92,
        "precision": 0.25806451612903225,
        "recall": 0.18285714285714286,
        "tp": 32
      },
      "P": {
        "f1": 0.15189873417721517,
        "fn": 76,
        "fp": 58,
        "precision": 0.17142857142857143,
        "recall": 0.13636363636363635,
        "tp": 12
      }
    },
    "precision": 0.16987179487179488,
    "recall": 0.1083844580777096,
    "tp": 53
  },
  "inputs": {
    "gold_path": "results/data/test_dev20.examples.jsonl",
    "prediction_format": "spans",
    "prediction_path": "results/preds/llm/few_shot_text_newprovider_2026-05-16_r4_bestof_split_pio_dev20/validated.dev20.spans.jsonl"
  },
  "method": "llm",
  "overlap_subset": {
    "f1": 0.1751824817518248,
    "fn": 69,
    "fp": 44,
    "macro_f1": 0.19316106899795274,
    "metadata": {
      "gold_doc_count": 3,
      "match_definition": "Exact span metrics restricted to gold docs with metadata.has_overlap == true."
    },
    "per_label": {
      "I": {
        "f1": 0.11320754716981132,
        "fn": 34,
        "fp": 13,
        "precision": 0.1875,
        "recall": 0.08108108108108109,
        "tp": 3
      },
      "O": {
        "f1": 0.1935483870967742,
        "fn": 27,
        "fp": 23,
        "precision": 0.20689655172413793,
        "recall": 0.18181818181818182,
        "tp": 6
      },
      "P": {
        "f1": 0.2727272727272727,
        "fn": 8,
        "fp": 8,
        "precision": 0.2727272727272727,
        "recall": 0.2727272727272727,
        "tp": 3
      }
    },
    "precision": 0.21428571428571427,
    "recall": 0.14814814814814814,
    "tp": 12
  },
  "relaxed_span": {
    "f1": 0.5193508114856429,
    "fn": 281,
    "fp": 104,
    "macro_f1": 0.5419120221823374,
    "metadata": {
      "match_definition": "One-to-one greedy match within the same doc_id and label when predicted and gold token intervals overlap by at least one token; candidates are sorted by descending overlap token count."
    },
    "per_label": {
      "I": {
        "f1": 0.4651162790697674,
        "fn": 146,
        "fp": 38,
        "precision": 0.6779661016949152,
        "recall": 0.35398230088495575,
        "tp": 80
      },
      "O": {
        "f1": 0.5150501672240803,
        "fn": 98,
        "fp": 47,
        "precision": 0.6209677419354839,
        "recall": 0.44,
        "tp": 77
      },
      "P": {
        "f1": 0.6455696202531646,
        "fn": 37,
        "fp": 19,
        "precision": 0.7285714285714285,
        "recall": 0.5795454545454546,
        "tp": 51
      }
    },
    "precision": 0.6666666666666666,
    "recall": 0.42535787321063395,
    "tp": 208
  },
  "setting": "few_shot_text_bestof_split_v1_dev20",
  "split": "test_dev20",
  "warnings": []
}
