{
  "blurb_token": {
    "f1": 0.09953896572793423,
    "fn": 15468,
    "fp": 743,
    "macro_f1": 0.10388252958467299,
    "metadata": {
      "label_space": [
        "O",
        "I-PAR",
        "I-INT",
        "I-OUT"
      ],
      "missing_docs": "Missing prediction docs are treated as all-O predictions.",
      "positive_labels": [
        "I-PAR",
        "I-INT",
        "I-OUT"
      ],
      "primary_f1_excludes_o": true
    },
    "per_label": {
      "I": {
        "f1": 0.081099976695409,
        "fn": 3389,
        "fp": 554,
        "precision": 0.23901098901098902,
        "recall": 0.048835251192815045,
        "tp": 174
      },
      "O": {
        "f1": 0.07348957719938759,
        "fn": 7778,
        "fp": 89,
        "precision": 0.7780548628428927,
        "recall": 0.038566131025957975,
        "tp": 312
      },
      "P": {
        "f1": 0.15705803485922237,
        "fn": 4301,
        "fp": 100,
        "precision": 0.803921568627451,
        "recall": 0.08703035448949267,
        "tp": 410
      }
    },
    "precision": 0.5466748017083588,
    "recall": 0.054754338792471276,
    "tp": 896
  },
  "counts": {
    "bio_prediction_docs": 191,
    "gold_docs": 191,
    "prediction_spans": 312
  },
  "evaluator_version": "phase5-v1",
  "exact_span": {
    "duplicates": {
      "count": 0,
      "rate": 0.0
    },
    "f1": 0.023761488455503247,
    "fn": 4096,
    "fp": 259,
    "macro_f1": 0.0257818397776496,
    "metadata": {
      "match_definition": "Exact match on doc_id, label, start_token, and end_token."
    },
    "per_label": {
      "I": {
        "f1": 0.009771986970684038,
        "fn": 1715,
        "fp": 109,
        "precision": 0.07627118644067797,
        "recall": 0.005220417633410673,
        "tp": 9
      },
      "O": {
        "f1": 0.03338549817423057,
        "fn": 1761,
        "fp": 92,
        "precision": 0.25806451612903225,
        "recall": 0.01784718349135527,
        "tp": 32
      },
      "P": {
        "f1": 0.03418803418803419,
        "fn": 620,
        "fp": 58,
        "precision": 0.17142857142857143,
        "recall": 0.0189873417721519,
        "tp": 12
      }
    },
    "precision": 0.16987179487179488,
    "recall": 0.01277416244878284,
    "tp": 53
  },
  "inputs": {
    "gold_path": "results/data/test.examples.jsonl",
    "prediction_format": "spans",
    "prediction_path": "results/preds/llm/few_shot_text_newprovider_2026-05-16_r4_bestof_split_pio_dev20/validated.spans.jsonl"
  },
  "method": "llm",
  "overlap_subset": {
    "f1": 0.017416545718432513,
    "fn": 1310,
    "fp": 44,
    "macro_f1": 0.01957180865040407,
    "metadata": {
      "gold_doc_count": 58,
      "match_definition": "Exact span metrics restricted to gold docs with metadata.has_overlap == true."
    },
    "per_label": {
      "I": {
        "f1": 0.010869565217391306,
        "fn": 533,
        "fp": 13,
        "precision": 0.1875,
        "recall": 0.005597014925373134,
        "tp": 3
      },
      "O": {
        "f1": 0.019543973941368076,
        "fn": 579,
        "fp": 23,
        "precision": 0.20689655172413793,
        "recall": 0.010256410256410256,
        "tp": 6
      },
      "P": {
        "f1": 0.02830188679245283,
        "fn": 198,
        "fp": 8,
        "precision": 0.2727272727272727,
        "recall": 0.014925373134328358,
        "tp": 3
      }
    },
    "precision": 0.21428571428571427,
    "recall": 0.009077155824508321,
    "tp": 12
  },
  "relaxed_span": {
    "f1": 0.0932526339385788,
    "fn": 3941,
    "fp": 104,
    "macro_f1": 0.10416503556232266,
    "metadata": {
      "match_definition": "One-to-one greedy match within the same doc_id and label when predicted and gold token intervals overlap by at least one token; candidates are sorted by descending overlap token count."
    },
    "per_label": {
      "I": {
        "f1": 0.08686210640608034,
        "fn": 1644,
        "fp": 38,
        "precision": 0.6779661016949152,
        "recall": 0.04640371229698376,
        "tp": 80
      },
      "O": {
        "f1": 0.08033385498174231,
        "fn": 1716,
        "fp": 47,
        "precision": 0.6209677419354839,
        "recall": 0.04294478527607362,
        "tp": 77
      },
      "P": {
        "f1": 0.1452991452991453,
        "fn": 581,
        "fp": 19,
        "precision": 0.7285714285714285,
        "recall": 0.08069620253164557,
        "tp": 51
      }
    },
    "precision": 0.6666666666666666,
    "recall": 0.05013256206314775,
    "tp": 208
  },
  "setting": "few_shot_text_bestof_split_v1_dev20",
  "split": "test",
  "warnings": []
}
