{
  "blurb_token": {
    "f1": 0.524522641173629,
    "fn": 6049,
    "fp": 12652,
    "macro_f1": 0.5193312826873601,
    "metadata": {
      "label_space": [
        "O",
        "I-PAR",
        "I-INT",
        "I-OUT"
      ],
      "missing_docs": "Missing prediction docs are treated as all-O predictions.",
      "positive_labels": [
        "I-PAR",
        "I-INT",
        "I-OUT"
      ],
      "primary_f1_excludes_o": true
    },
    "per_label": {
      "I": {
        "f1": 0.33984842441164737,
        "fn": 1859,
        "fp": 4761,
        "precision": 0.2635730858468677,
        "recall": 0.47824866685377493,
        "tp": 1704
      },
      "O": {
        "f1": 0.5570343125393216,
        "fn": 2335,
        "fp": 6818,
        "precision": 0.4577268750497097,
        "recall": 0.711372064276885,
        "tp": 5755
      },
      "P": {
        "f1": 0.6611111111111111,
        "fn": 1855,
        "fp": 1073,
        "precision": 0.7269025197251209,
        "recall": 0.6062407132243685,
        "tp": 2856
      }
    },
    "precision": 0.4491226542430444,
    "recall": 0.6303471033977023,
    "tp": 10315
  },
  "counts": {
    "bio_prediction_docs": 191,
    "gold_docs": 191,
    "prediction_spans": 3038
  },
  "evaluator_version": "phase5-v1",
  "exact_span": {
    "duplicates": {
      "count": 0,
      "rate": 0.0
    },
    "f1": 0.1188256574370391,
    "fn": 3722,
    "fp": 2611,
    "macro_f1": 0.14658855903340054,
    "metadata": {
      "match_definition": "Exact match on doc_id, label, start_token, and end_token."
    },
    "per_label": {
      "I": {
        "f1": 0.055102832751261155,
        "fn": 1653,
        "fp": 782,
        "precision": 0.08323563892145369,
        "recall": 0.04118329466357309,
        "tp": 71
      },
      "O": {
        "f1": 0.11559686320069706,
        "fn": 1594,
        "fp": 1451,
        "precision": 0.1206060606060606,
        "recall": 0.11098717233686559,
        "tp": 199
      },
      "P": {
        "f1": 0.2690659811482434,
        "fn": 475,
        "fp": 378,
        "precision": 0.29345794392523367,
        "recall": 0.24841772151898733,
        "tp": 157
      }
    },
    "precision": 0.14055299539170507,
    "recall": 0.10291636538925042,
    "tp": 427
  },
  "inputs": {
    "gold_path": "results/data/test.examples.jsonl",
    "prediction_format": "spans",
    "prediction_path": "results/preds/llm/openai_few_shot_text_v3/validated.spans.jsonl"
  },
  "method": "openai_llm",
  "overlap_subset": {
    "f1": 0.09885260370697263,
    "fn": 1210,
    "fp": 832,
    "macro_f1": 0.12275829665526929,
    "metadata": {
      "gold_doc_count": 58,
      "match_definition": "Exact span metrics restricted to gold docs with metadata.has_overlap == true."
    },
    "per_label": {
      "I": {
        "f1": 0.03530895334174023,
        "fn": 522,
        "fp": 243,
        "precision": 0.054474708171206226,
        "recall": 0.026119402985074626,
        "tp": 14
      },
      "O": {
        "f1": 0.09585253456221197,
        "fn": 533,
        "fp": 448,
        "precision": 0.104,
        "recall": 0.08888888888888889,
        "tp": 52
      },
      "P": {
        "f1": 0.23711340206185566,
        "fn": 155,
        "fp": 141,
        "precision": 0.24598930481283424,
        "recall": 0.22885572139303484,
        "tp": 46
      }
    },
    "precision": 0.11864406779661017,
    "recall": 0.08472012102874432,
    "tp": 112
  },
  "relaxed_span": {
    "f1": 0.592180325587867,
    "fn": 2021,
    "fp": 910,
    "macro_f1": 0.5847555375456724,
    "metadata": {
      "match_definition": "One-to-one greedy match within the same doc_id and label when predicted and gold token intervals overlap by at least one token; candidates are sorted by descending overlap token count."
    },
    "per_label": {
      "I": {
        "f1": 0.4610011641443539,
        "fn": 1130,
        "fp": 259,
        "precision": 0.6963657678780774,
        "recall": 0.34454756380510443,
        "tp": 594
      },
      "O": {
        "f1": 0.6848678478071449,
        "fn": 614,
        "fp": 471,
        "precision": 0.7145454545454546,
        "recall": 0.6575571667596207,
        "tp": 1179
      },
      "P": {
        "f1": 0.6083976006855184,
        "fn": 277,
        "fp": 180,
        "precision": 0.6635514018691588,
        "recall": 0.5617088607594937,
        "tp": 355
      }
    },
    "precision": 0.7004608294930875,
    "recall": 0.5128946734152808,
    "tp": 2128
  },
  "setting": "few_shot_text_v3",
  "split": "test",
  "warnings": []
}
