{
  "blurb_token": {
    "f1": 0.46659878428831497,
    "fn": 8803,
    "fp": 8484,
    "macro_f1": 0.46426456036721353,
    "metadata": {
      "label_space": [
        "O",
        "I-PAR",
        "I-INT",
        "I-OUT"
      ],
      "missing_docs": "Missing prediction docs are treated as all-O predictions.",
      "positive_labels": [
        "I-PAR",
        "I-INT",
        "I-OUT"
      ],
      "primary_f1_excludes_o": true
    },
    "per_label": {
      "I": {
        "f1": 0.28410089095244073,
        "fn": 2431,
        "fp": 3274,
        "precision": 0.25692237857467093,
        "recall": 0.3177097951164749,
        "tp": 1132
      },
      "O": {
        "f1": 0.48246284002115036,
        "fn": 3984,
        "fp": 4825,
        "precision": 0.4597469488299183,
        "recall": 0.507540173053152,
        "tp": 4106
      },
      "P": {
        "f1": 0.6262299501280496,
        "fn": 2388,
        "fp": 385,
        "precision": 0.8578286558345642,
        "recall": 0.49310125238802804,
        "tp": 2323
      }
    },
    "precision": 0.47123714552820195,
    "recall": 0.462050843314593,
    "tp": 7561
  },
  "counts": {
    "bio_prediction_docs": 191,
    "gold_docs": 191,
    "prediction_spans": 1779
  },
  "evaluator_version": "phase5-v1",
  "exact_span": {
    "duplicates": {
      "count": 0,
      "rate": 0.0
    },
    "f1": 0.08839406207827259,
    "fn": 3887,
    "fp": 1517,
    "macro_f1": 0.11566096221762519,
    "metadata": {
      "match_definition": "Exact match on doc_id, label, start_token, and end_token."
    },
    "per_label": {
      "I": {
        "f1": 0.025617566331198535,
        "fn": 1696,
        "fp": 434,
        "precision": 0.06060606060606061,
        "recall": 0.016241299303944315,
        "tp": 28
      },
      "O": {
        "f1": 0.0881720430107527,
        "fn": 1670,
        "fp": 874,
        "precision": 0.12337011033099297,
        "recall": 0.06860011154489683,
        "tp": 123
      },
      "P": {
        "f1": 0.23319327731092435,
        "fn": 521,
        "fp": 209,
        "precision": 0.346875,
        "recall": 0.17563291139240506,
        "tp": 111
      }
    },
    "precision": 0.14727374929735806,
    "recall": 0.06314774644492649,
    "tp": 262
  },
  "inputs": {
    "gold_path": "results/data/test.examples.jsonl",
    "prediction_format": "spans",
    "prediction_path": "results/preds/llm/openai_zero_shot_text/validated.spans.jsonl"
  },
  "method": "openai_llm",
  "overlap_subset": {
    "f1": 0.0808940926024481,
    "fn": 1246,
    "fp": 481,
    "macro_f1": 0.10279506783890119,
    "metadata": {
      "gold_doc_count": 58,
      "match_definition": "Exact span metrics restricted to gold docs with metadata.has_overlap == true."
    },
    "per_label": {
      "I": {
        "f1": 0.023564064801178206,
        "fn": 528,
        "fp": 135,
        "precision": 0.055944055944055944,
        "recall": 0.014925373134328358,
        "tp": 8
      },
      "O": {
        "f1": 0.08286674132138856,
        "fn": 548,
        "fp": 271,
        "precision": 0.12012987012987013,
        "recall": 0.06324786324786325,
        "tp": 37
      },
      "P": {
        "f1": 0.2019543973941368,
        "fn": 170,
        "fp": 75,
        "precision": 0.29245283018867924,
        "recall": 0.15422885572139303,
        "tp": 31
      }
    },
    "precision": 0.13644524236983843,
    "recall": 0.057488653555219364,
    "tp": 76
  },
  "relaxed_span": {
    "f1": 0.47739541160593796,
    "fn": 2734,
    "fp": 364,
    "macro_f1": 0.4825536285733227,
    "metadata": {
      "match_definition": "One-to-one greedy match within the same doc_id and label when predicted and gold token intervals overlap by at least one token; candidates are sorted by descending overlap token count."
    },
    "per_label": {
      "I": {
        "f1": 0.3458371454711802,
        "fn": 1346,
        "fp": 84,
        "precision": 0.8181818181818182,
        "recall": 0.21925754060324826,
        "tp": 378
      },
      "O": {
        "f1": 0.5577060931899641,
        "fn": 1015,
        "fp": 219,
        "precision": 0.7803410230692076,
        "recall": 0.433909648633575,
        "tp": 778
      },
      "P": {
        "f1": 0.5441176470588236,
        "fn": 373,
        "fp": 61,
        "precision": 0.809375,
        "recall": 0.4098101265822785,
        "tp": 259
      }
    },
    "precision": 0.7953906689151209,
    "recall": 0.34104603518920223,
    "tp": 1415
  },
  "setting": "zero_shot_text",
  "split": "test",
  "warnings": []
}
