{
  "blurb_token": {
    "f1": 0.5583563154991726,
    "fn": 6241,
    "fp": 9773,
    "macro_f1": 0.5468518242093051,
    "metadata": {
      "label_space": [
        "O",
        "I-PAR",
        "I-INT",
        "I-OUT"
      ],
      "missing_docs": "Missing prediction docs are treated as all-O predictions.",
      "positive_labels": [
        "I-PAR",
        "I-INT",
        "I-OUT"
      ],
      "primary_f1_excludes_o": true
    },
    "per_label": {
      "I": {
        "f1": 0.37562106657833716,
        "fn": 1862,
        "fp": 3793,
        "precision": 0.3096104841645431,
        "recall": 0.4774066797642436,
        "tp": 1701
      },
      "O": {
        "f1": 0.5938611369480769,
        "fn": 2663,
        "fp": 4760,
        "precision": 0.5327378030823599,
        "recall": 0.6708281829419036,
        "tp": 5427
      },
      "P": {
        "f1": 0.6710732691015012,
        "fn": 1716,
        "fp": 1220,
        "precision": 0.7105575326215896,
        "recall": 0.6357461260878794,
        "tp": 2995
      }
    },
    "precision": 0.5087957378367511,
    "recall": 0.6186140307993155,
    "tp": 10123
  },
  "counts": {
    "bio_prediction_docs": 191,
    "gold_docs": 191,
    "prediction_spans": 3197
  },
  "evaluator_version": "phase5-v1",
  "exact_span": {
    "duplicates": {
      "count": 0,
      "rate": 0.0
    },
    "f1": 0.14402395861693434,
    "fn": 3620,
    "fp": 2668,
    "macro_f1": 0.16760375622786414,
    "metadata": {
      "match_definition": "Exact match on doc_id, label, start_token, and end_token."
    },
    "per_label": {
      "I": {
        "f1": 0.0802778849864917,
        "fn": 1620,
        "fp": 763,
        "precision": 0.11995386389850057,
        "recall": 0.060324825986078884,
        "tp": 104
      },
      "O": {
        "f1": 0.1440317550326056,
        "fn": 1539,
        "fp": 1480,
        "precision": 0.14648212226066898,
        "recall": 0.14166201896263245,
        "tp": 254
      },
      "P": {
        "f1": 0.2785016286644951,
        "fn": 461,
        "fp": 425,
        "precision": 0.28691275167785235,
        "recall": 0.27056962025316456,
        "tp": 171
      }
    },
    "precision": 0.16546762589928057,
    "recall": 0.12750060255483248,
    "tp": 529
  },
  "inputs": {
    "gold_path": "results/data/test.examples.jsonl",
    "prediction_format": "spans",
    "prediction_path": "results/preds/llm/openai_few_shot_text_v4_i_only/validated.spans.jsonl"
  },
  "method": "openai_llm",
  "overlap_subset": {
    "f1": 0.1308089500860585,
    "fn": 1170,
    "fp": 850,
    "macro_f1": 0.1506431451599164,
    "metadata": {
      "gold_doc_count": 58,
      "match_definition": "Exact span metrics restricted to gold docs with metadata.has_overlap == true."
    },
    "per_label": {
      "I": {
        "f1": 0.06138107416879796,
        "fn": 512,
        "fp": 222,
        "precision": 0.0975609756097561,
        "recall": 0.04477611940298507,
        "tp": 24
      },
      "O": {
        "f1": 0.13155555555555554,
        "fn": 511,
        "fp": 466,
        "precision": 0.13703703703703704,
        "recall": 0.1264957264957265,
        "tp": 74
      },
      "P": {
        "f1": 0.2589928057553957,
        "fn": 147,
        "fp": 162,
        "precision": 0.25,
        "recall": 0.26865671641791045,
        "tp": 54
      }
    },
    "precision": 0.15169660678642716,
    "recall": 0.11497730711043873,
    "tp": 152
  },
  "relaxed_span": {
    "f1": 0.5910699700517289,
    "fn": 1978,
    "fp": 1026,
    "macro_f1": 0.5875056213279004,
    "metadata": {
      "match_definition": "One-to-one greedy match within the same doc_id and label when predicted and gold token intervals overlap by at least one token; candidates are sorted by descending overlap token count."
    },
    "per_label": {
      "I": {
        "f1": 0.4824392126592049,
        "fn": 1099,
        "fp": 242,
        "precision": 0.720876585928489,
        "recall": 0.3625290023201856,
        "tp": 625
      },
      "O": {
        "f1": 0.6611851431811738,
        "fn": 627,
        "fp": 568,
        "precision": 0.6724336793540946,
        "recall": 0.6503067484662577,
        "tp": 1166
      },
      "P": {
        "f1": 0.6188925081433224,
        "fn": 252,
        "fp": 216,
        "precision": 0.6375838926174496,
        "recall": 0.6012658227848101,
        "tp": 380
      }
    },
    "precision": 0.6790741319987488,
    "recall": 0.5232586165341045,
    "tp": 2171
  },
  "setting": "few_shot_text_v4_i_only",
  "split": "test",
  "warnings": []
}
