{
  "blurb_token": {
    "f1": 0.4784608065965431,
    "fn": 7312,
    "fp": 12422,
    "macro_f1": 0.4815460035292642,
    "metadata": {
      "label_space": [
        "O",
        "I-PAR",
        "I-INT",
        "I-OUT"
      ],
      "missing_docs": "Missing prediction docs are treated as all-O predictions.",
      "positive_labels": [
        "I-PAR",
        "I-INT",
        "I-OUT"
      ],
      "primary_f1_excludes_o": true
    },
    "per_label": {
      "I": {
        "f1": 0.3009805001652528,
        "fn": 2197,
        "fp": 4148,
        "precision": 0.24773304316285819,
        "recall": 0.3833847880999158,
        "tp": 1366
      },
      "O": {
        "f1": 0.49014649043279096,
        "fn": 2954,
        "fp": 7731,
        "precision": 0.39916064350664493,
        "recall": 0.634857849196539,
        "tp": 5136
      },
      "P": {
        "f1": 0.6535110199897488,
        "fn": 2161,
        "fp": 543,
        "precision": 0.8244422890397672,
        "recall": 0.5412863510931861,
        "tp": 2550
      }
    },
    "precision": 0.4215330166713235,
    "recall": 0.5531654852114397,
    "tp": 9052
  },
  "counts": {
    "bio_prediction_docs": 191,
    "gold_docs": 191,
    "prediction_spans": 2122
  },
  "evaluator_version": "phase5-v1",
  "exact_span": {
    "duplicates": {
      "count": 0,
      "rate": 0.0
    },
    "f1": 0.09025673736246213,
    "fn": 3866,
    "fp": 1839,
    "macro_f1": 0.11824482141176051,
    "metadata": {
      "match_definition": "Exact match on doc_id, label, start_token, and end_token."
    },
    "per_label": {
      "I": {
        "f1": 0.0297723292469352,
        "fn": 1690,
        "fp": 526,
        "precision": 0.060714285714285714,
        "recall": 0.019721577726218097,
        "tp": 34
      },
      "O": {
        "f1": 0.08753758770464416,
        "fn": 1662,
        "fp": 1069,
        "precision": 0.10916666666666666,
        "recall": 0.07306190741773563,
        "tp": 131
      },
      "P": {
        "f1": 0.2374245472837022,
        "fn": 514,
        "fp": 244,
        "precision": 0.3259668508287293,
        "recall": 0.18670886075949367,
        "tp": 118
      }
    },
    "precision": 0.13336475023562677,
    "recall": 0.06820920703784045,
    "tp": 283
  },
  "inputs": {
    "gold_path": "results/data/test.examples.jsonl",
    "prediction_format": "spans",
    "prediction_path": "results/preds/llm/openai_zero_shot_text_v2/validated.spans.jsonl"
  },
  "method": "openai_llm",
  "overlap_subset": {
    "f1": 0.08371154815935453,
    "fn": 1239,
    "fp": 578,
    "macro_f1": 0.10780203636453504,
    "metadata": {
      "gold_doc_count": 58,
      "match_definition": "Exact span metrics restricted to gold docs with metadata.has_overlap == true."
    },
    "per_label": {
      "I": {
        "f1": 0.03375527426160337,
        "fn": 524,
        "fp": 163,
        "precision": 0.06857142857142857,
        "recall": 0.022388059701492536,
        "tp": 12
      },
      "O": {
        "f1": 0.07781282860147214,
        "fn": 548,
        "fp": 329,
        "precision": 0.10109289617486339,
        "recall": 0.06324786324786325,
        "tp": 37
      },
      "P": {
        "f1": 0.2118380062305296,
        "fn": 167,
        "fp": 86,
        "precision": 0.2833333333333333,
        "recall": 0.1691542288557214,
        "tp": 34
      }
    },
    "precision": 0.12556732223903178,
    "recall": 0.06278366111951589,
    "tp": 83
  },
  "relaxed_span": {
    "f1": 0.5259129325466434,
    "fn": 2500,
    "fp": 473,
    "macro_f1": 0.5230812139298558,
    "metadata": {
      "match_definition": "One-to-one greedy match within the same doc_id and label when predicted and gold token intervals overlap by at least one token; candidates are sorted by descending overlap token count."
    },
    "per_label": {
      "I": {
        "f1": 0.3844133099824869,
        "fn": 1285,
        "fp": 121,
        "precision": 0.7839285714285714,
        "recall": 0.2546403712296984,
        "tp": 439
      },
      "O": {
        "f1": 0.6214500501169395,
        "fn": 863,
        "fp": 270,
        "precision": 0.775,
        "recall": 0.5186837702175126,
        "tp": 930
      },
      "P": {
        "f1": 0.5633802816901409,
        "fn": 352,
        "fp": 82,
        "precision": 0.7734806629834254,
        "recall": 0.4430379746835443,
        "tp": 280
      }
    },
    "precision": 0.7770970782280867,
    "recall": 0.39744516751024345,
    "tp": 1649
  },
  "setting": "zero_shot_text_v2",
  "split": "test",
  "warnings": []
}
