{
  "blurb_token": {
    "f1": 0.5414283849066458,
    "fn": 5997,
    "fp": 11564,
    "macro_f1": 0.5335557505185903,
    "metadata": {
      "label_space": [
        "O",
        "I-PAR",
        "I-INT",
        "I-OUT"
      ],
      "missing_docs": "Missing prediction docs are treated as all-O predictions.",
      "positive_labels": [
        "I-PAR",
        "I-INT",
        "I-OUT"
      ],
      "primary_f1_excludes_o": true
    },
    "per_label": {
      "I": {
        "f1": 0.35572616762635956,
        "fn": 1895,
        "fp": 4147,
        "precision": 0.2868443680137575,
        "recall": 0.46814482177939937,
        "tp": 1668
      },
      "O": {
        "f1": 0.5684473290064902,
        "fn": 2397,
        "fp": 6247,
        "precision": 0.4768006700167504,
        "recall": 0.703708281829419,
        "tp": 5693
      },
      "P": {
        "f1": 0.6764937549229212,
        "fn": 1705,
        "fp": 1170,
        "precision": 0.7198275862068966,
        "recall": 0.6380810868180853,
        "tp": 3006
      }
    },
    "precision": 0.4727098627513565,
    "recall": 0.6335248105597653,
    "tp": 10367
  },
  "counts": {
    "bio_prediction_docs": 191,
    "gold_docs": 191,
    "prediction_spans": 3015
  },
  "evaluator_version": "phase5-v1",
  "exact_span": {
    "duplicates": {
      "count": 0,
      "rate": 0.0
    },
    "f1": 0.12702400893355667,
    "fn": 3694,
    "fp": 2560,
    "macro_f1": 0.151378475258469,
    "metadata": {
      "match_definition": "Exact match on doc_id, label, start_token, and end_token."
    },
    "per_label": {
      "I": {
        "f1": 0.0677432059866089,
        "fn": 1638,
        "fp": 729,
        "precision": 0.10552147239263804,
        "recall": 0.04988399071925754,
        "tp": 86
      },
      "O": {
        "f1": 0.12470997679814386,
        "fn": 1578,
        "fp": 1440,
        "precision": 0.1299093655589124,
        "recall": 0.11991076408254323,
        "tp": 215
      },
      "P": {
        "f1": 0.26168224299065423,
        "fn": 478,
        "fp": 391,
        "precision": 0.28256880733944956,
        "recall": 0.24367088607594936,
        "tp": 154
      }
    },
    "precision": 0.15091210613598674,
    "recall": 0.1096649795131357,
    "tp": 455
  },
  "inputs": {
    "gold_path": "results/data/test.examples.jsonl",
    "prediction_format": "spans",
    "prediction_path": "results/preds/llm/openai_few_shot_text_v3_i_only/validated.spans.jsonl"
  },
  "method": "openai_llm",
  "overlap_subset": {
    "f1": 0.1191111111111111,
    "fn": 1188,
    "fp": 794,
    "macro_f1": 0.14533326058749788,
    "metadata": {
      "gold_doc_count": 58,
      "match_definition": "Exact span metrics restricted to gold docs with metadata.has_overlap == true."
    },
    "per_label": {
      "I": {
        "f1": 0.054758800521512385,
        "fn": 515,
        "fp": 210,
        "precision": 0.09090909090909091,
        "recall": 0.03917910447761194,
        "tp": 21
      },
      "O": {
        "f1": 0.1111111111111111,
        "fn": 524,
        "fp": 452,
        "precision": 0.1189083820662768,
        "recall": 0.10427350427350428,
        "tp": 61
      },
      "P": {
        "f1": 0.2701298701298701,
        "fn": 149,
        "fp": 132,
        "precision": 0.2826086956521739,
        "recall": 0.25870646766169153,
        "tp": 52
      }
    },
    "precision": 0.14439655172413793,
    "recall": 0.10136157337367625,
    "tp": 134
  },
  "relaxed_span": {
    "f1": 0.5957565605806812,
    "fn": 2015,
    "fp": 881,
    "macro_f1": 0.5898497901534461,
    "metadata": {
      "match_definition": "One-to-one greedy match within the same doc_id and label when predicted and gold token intervals overlap by at least one token; candidates are sorted by descending overlap token count."
    },
    "per_label": {
      "I": {
        "f1": 0.46317447814100043,
        "fn": 1136,
        "fp": 227,
        "precision": 0.7214723926380369,
        "recall": 0.34106728538283065,
        "tp": 588
      },
      "O": {
        "f1": 0.6844547563805103,
        "fn": 613,
        "fp": 475,
        "precision": 0.7129909365558912,
        "recall": 0.6581148912437256,
        "tp": 1180
      },
      "P": {
        "f1": 0.6219201359388274,
        "fn": 266,
        "fp": 179,
        "precision": 0.671559633027523,
        "recall": 0.5791139240506329,
        "tp": 366
      }
    },
    "precision": 0.7077943615257049,
    "recall": 0.5143408050132562,
    "tp": 2134
  },
  "setting": "few_shot_text_v3_i_only",
  "split": "test",
  "warnings": []
}
