{
  "blurb_token": {
    "f1": 0.5355708245243129,
    "fn": 6231,
    "fp": 11343,
    "macro_f1": 0.5303520020955356,
    "metadata": {
      "label_space": [
        "O",
        "I-PAR",
        "I-INT",
        "I-OUT"
      ],
      "missing_docs": "Missing prediction docs are treated as all-O predictions.",
      "positive_labels": [
        "I-PAR",
        "I-INT",
        "I-OUT"
      ],
      "primary_f1_excludes_o": true
    },
    "per_label": {
      "I": {
        "f1": 0.3532964267740311,
        "fn": 1808,
        "fp": 4617,
        "precision": 0.2754237288135593,
        "recall": 0.4925624473758069,
        "tp": 1755
      },
      "O": {
        "f1": 0.5719579987646695,
        "fn": 2534,
        "fp": 5782,
        "precision": 0.4900335156112189,
        "recall": 0.6867737948084054,
        "tp": 5556
      },
      "P": {
        "f1": 0.6658015807479062,
        "fn": 1889,
        "fp": 944,
        "precision": 0.7493361656930431,
        "recall": 0.5990235618764593,
        "tp": 2822
      }
    },
    "precision": 0.47182901843918795,
    "recall": 0.6192251283304816,
    "tp": 10133
  },
  "counts": {
    "bio_prediction_docs": 191,
    "gold_docs": 191,
    "prediction_spans": 2953
  },
  "evaluator_version": "phase5-v1",
  "exact_span": {
    "duplicates": {
      "count": 0,
      "rate": 0.0
    },
    "f1": 0.12841453111799492,
    "fn": 3693,
    "fp": 2497,
    "macro_f1": 0.15534187585051626,
    "metadata": {
      "match_definition": "Exact match on doc_id, label, start_token, and end_token."
    },
    "per_label": {
      "I": {
        "f1": 0.059026446914526645,
        "fn": 1647,
        "fp": 808,
        "precision": 0.08700564971751412,
        "recall": 0.04466357308584687,
        "tp": 77
      },
      "O": {
        "f1": 0.13221657194137001,
        "fn": 1572,
        "fp": 1329,
        "precision": 0.14258064516129032,
        "recall": 0.12325711098717233,
        "tp": 221
      },
      "P": {
        "f1": 0.27478260869565213,
        "fn": 474,
        "fp": 360,
        "precision": 0.305019305019305,
        "recall": 0.25,
        "tp": 158
      }
    },
    "precision": 0.15441923467660007,
    "recall": 0.1099060014461316,
    "tp": 456
  },
  "inputs": {
    "gold_path": "results/data/test.examples.jsonl",
    "prediction_format": "spans",
    "prediction_path": "results/preds/llm/openai_few_shot_text_v2/validated.spans.jsonl"
  },
  "method": "openai_llm",
  "overlap_subset": {
    "f1": 0.1193232413178985,
    "fn": 1188,
    "fp": 790,
    "macro_f1": 0.14417296540051616,
    "metadata": {
      "gold_doc_count": 58,
      "match_definition": "Exact span metrics restricted to gold docs with metadata.has_overlap == true."
    },
    "per_label": {
      "I": {
        "f1": 0.045512010113780026,
        "fn": 518,
        "fp": 237,
        "precision": 0.07058823529411765,
        "recall": 0.033582089552238806,
        "tp": 18
      },
      "O": {
        "f1": 0.12138188608776843,
        "fn": 520,
        "fp": 421,
        "precision": 0.1337448559670782,
        "recall": 0.1111111111111111,
        "tp": 65
      },
      "P": {
        "f1": 0.26562500000000006,
        "fn": 150,
        "fp": 132,
        "precision": 0.2786885245901639,
        "recall": 0.2537313432835821,
        "tp": 51
      }
    },
    "precision": 0.14502164502164502,
    "recall": 0.10136157337367625,
    "tp": 134
  },
  "relaxed_span": {
    "f1": 0.589974655026753,
    "fn": 2054,
    "fp": 858,
    "macro_f1": 0.587226276853269,
    "metadata": {
      "match_definition": "One-to-one greedy match within the same doc_id and label when predicted and gold token intervals overlap by at least one token; candidates are sorted by descending overlap token count."
    },
    "per_label": {
      "I": {
        "f1": 0.46531238022230736,
        "fn": 1117,
        "fp": 278,
        "precision": 0.6858757062146893,
        "recall": 0.35208816705336426,
        "tp": 607
      },
      "O": {
        "f1": 0.6772360155548909,
        "fn": 661,
        "fp": 418,
        "precision": 0.7303225806451613,
        "recall": 0.6313441160066927,
        "tp": 1132
      },
      "P": {
        "f1": 0.6191304347826088,
        "fn": 276,
        "fp": 162,
        "precision": 0.6872586872586872,
        "recall": 0.5632911392405063,
        "tp": 356
      }
    },
    "precision": 0.7094480189637656,
    "recall": 0.504940949626416,
    "tp": 2095
  },
  "setting": "few_shot_text_v2",
  "split": "test",
  "warnings": []
}
