{
  "blurb_token": {
    "f1": 0.5640757218878129,
    "fn": 6665,
    "fp": 8326,
    "macro_f1": 0.5556582122603989,
    "metadata": {
      "label_space": [
        "O",
        "I-PAR",
        "I-INT",
        "I-OUT"
      ],
      "missing_docs": "Missing prediction docs are treated as all-O predictions.",
      "positive_labels": [
        "I-PAR",
        "I-INT",
        "I-OUT"
      ],
      "primary_f1_excludes_o": true
    },
    "per_label": {
      "I": {
        "f1": 0.3784741446129997,
        "fn": 1854,
        "fp": 3759,
        "precision": 0.31254572055596197,
        "recall": 0.4796519786696604,
        "tp": 1709
      },
      "O": {
        "f1": 0.6021632484189374,
        "fn": 2996,
        "fp": 3735,
        "precision": 0.5769622833843018,
        "recall": 0.6296662546353523,
        "tp": 5094
      },
      "P": {
        "f1": 0.6863372437492594,
        "fn": 1815,
        "fp": 832,
        "precision": 0.776824034334764,
        "recall": 0.6147314795160264,
        "tp": 2896
      }
    },
    "precision": 0.5380859916782247,
    "recall": 0.5927034954778783,
    "tp": 9699
  },
  "counts": {
    "bio_prediction_docs": 191,
    "gold_docs": 191,
    "prediction_spans": 2872
  },
  "evaluator_version": "phase5-v1",
  "exact_span": {
    "duplicates": {
      "count": 0,
      "rate": 0.0
    },
    "f1": 0.1535393818544367,
    "fn": 3610,
    "fp": 2333,
    "macro_f1": 0.17707178045296534,
    "metadata": {
      "match_definition": "Exact match on doc_id, label, start_token, and end_token."
    },
    "per_label": {
      "I": {
        "f1": 0.07975222609368951,
        "fn": 1621,
        "fp": 756,
        "precision": 0.119906868451688,
        "recall": 0.05974477958236659,
        "tp": 103
      },
      "O": {
        "f1": 0.16427480916030532,
        "fn": 1524,
        "fp": 1213,
        "precision": 0.1815114709851552,
        "recall": 0.15002788622420524,
        "tp": 269
      },
      "P": {
        "f1": 0.28718830610490115,
        "fn": 465,
        "fp": 364,
        "precision": 0.3145009416195857,
        "recall": 0.26424050632911394,
        "tp": 167
      }
    },
    "precision": 0.1876740947075209,
    "recall": 0.12991082188479153,
    "tp": 539
  },
  "inputs": {
    "gold_path": "results/data/test.examples.jsonl",
    "prediction_format": "spans",
    "prediction_path": "results/preds/llm/openai_few_shot_text/validated.spans.jsonl"
  },
  "method": "openai_llm",
  "overlap_subset": {
    "f1": 0.13544018058690743,
    "fn": 1172,
    "fp": 743,
    "macro_f1": 0.15115461492601193,
    "metadata": {
      "gold_doc_count": 58,
      "match_definition": "Exact span metrics restricted to gold docs with metadata.has_overlap == true."
    },
    "per_label": {
      "I": {
        "f1": 0.06905370843989769,
        "fn": 509,
        "fp": 219,
        "precision": 0.10975609756097561,
        "recall": 0.05037313432835821,
        "tp": 27
      },
      "O": {
        "f1": 0.1464354527938343,
        "fn": 509,
        "fp": 377,
        "precision": 0.16777041942604856,
        "recall": 0.12991452991452992,
        "tp": 76
      },
      "P": {
        "f1": 0.2379746835443038,
        "fn": 154,
        "fp": 147,
        "precision": 0.2422680412371134,
        "recall": 0.23383084577114427,
        "tp": 47
      }
    },
    "precision": 0.167973124300112,
    "recall": 0.11346444780635401,
    "tp": 150
  },
  "relaxed_span": {
    "f1": 0.5959265061956985,
    "fn": 2057,
    "fp": 780,
    "macro_f1": 0.6003321627264931,
    "metadata": {
      "match_definition": "One-to-one greedy match within the same doc_id and label when predicted and gold token intervals overlap by at least one token; candidates are sorted by descending overlap token count."
    },
    "per_label": {
      "I": {
        "f1": 0.4723190089043747,
        "fn": 1114,
        "fp": 249,
        "precision": 0.710128055878929,
        "recall": 0.3538283062645012,
        "tp": 610
      },
      "O": {
        "f1": 0.6717557251908397,
        "fn": 693,
        "fp": 382,
        "precision": 0.7422402159244265,
        "recall": 0.6134969325153374,
        "tp": 1100
      },
      "P": {
        "f1": 0.6569217540842648,
        "fn": 250,
        "fp": 149,
        "precision": 0.71939736346516,
        "recall": 0.6044303797468354,
        "tp": 382
      }
    },
    "precision": 0.7284122562674095,
    "recall": 0.5042178838274283,
    "tp": 2092
  },
  "setting": "few_shot_text",
  "split": "test",
  "warnings": []
}
