{
  "blurb_token": {
    "f1": 0.5501629030446016,
    "fn": 6570,
    "fp": 9446,
    "macro_f1": 0.5399686272749303,
    "metadata": {
      "label_space": [
        "O",
        "I-PAR",
        "I-INT",
        "I-OUT"
      ],
      "missing_docs": "Missing prediction docs are treated as all-O predictions.",
      "positive_labels": [
        "I-PAR",
        "I-INT",
        "I-OUT"
      ],
      "primary_f1_excludes_o": true
    },
    "per_label": {
      "I": {
        "f1": 0.3660144619310932,
        "fn": 1842,
        "fp": 4120,
        "precision": 0.29464132853963365,
        "recall": 0.48301992702778557,
        "tp": 1721
      },
      "O": {
        "f1": 0.5955580865603646,
        "fn": 2861,
        "fp": 4241,
        "precision": 0.5521647307286167,
        "recall": 0.646353522867738,
        "tp": 5229
      },
      "P": {
        "f1": 0.6583333333333333,
        "fn": 1867,
        "fp": 1085,
        "precision": 0.7238483074573683,
        "recall": 0.6036934833368711,
        "tp": 2844
      }
    },
    "precision": 0.509043659043659,
    "recall": 0.598508922023955,
    "tp": 9794
  },
  "counts": {
    "bio_prediction_docs": 191,
    "gold_docs": 191,
    "prediction_spans": 3203
  },
  "evaluator_version": "phase5-v1",
  "exact_span": {
    "duplicates": {
      "count": 0,
      "rate": 0.0
    },
    "f1": 0.14336235038084874,
    "fn": 3622,
    "fp": 2676,
    "macro_f1": 0.15972210630996414,
    "metadata": {
      "match_definition": "Exact match on doc_id, label, start_token, and end_token."
    },
    "per_label": {
      "I": {
        "f1": 0.07379231647014074,
        "fn": 1627,
        "fp": 808,
        "precision": 0.10718232044198896,
        "recall": 0.05626450116009281,
        "tp": 97
      },
      "O": {
        "f1": 0.1591954022988506,
        "fn": 1516,
        "fp": 1410,
        "precision": 0.16419679905157084,
        "recall": 0.15448968209704406,
        "tp": 277
      },
      "P": {
        "f1": 0.24617860016090107,
        "fn": 479,
        "fp": 458,
        "precision": 0.25040916530278234,
        "recall": 0.24208860759493672,
        "tp": 153
      }
    },
    "precision": 0.16453325007805183,
    "recall": 0.12701855868884068,
    "tp": 527
  },
  "inputs": {
    "gold_path": "results/data/test.examples.jsonl",
    "prediction_format": "spans",
    "prediction_path": "results/preds/llm/openai_few_shot_text_v4/validated.spans.jsonl"
  },
  "method": "openai_llm",
  "overlap_subset": {
    "f1": 0.12092624356775301,
    "fn": 1181,
    "fp": 869,
    "macro_f1": 0.1353931694556965,
    "metadata": {
      "gold_doc_count": 58,
      "match_definition": "Exact span metrics restricted to gold docs with metadata.has_overlap == true."
    },
    "per_label": {
      "I": {
        "f1": 0.057285180572851806,
        "fn": 513,
        "fp": 244,
        "precision": 0.08614232209737828,
        "recall": 0.04291044776119403,
        "tp": 23
      },
      "O": {
        "f1": 0.12984670874661858,
        "fn": 513,
        "fp": 452,
        "precision": 0.13740458015267176,
        "recall": 0.12307692307692308,
        "tp": 72
      },
      "P": {
        "f1": 0.21904761904761905,
        "fn": 155,
        "fp": 173,
        "precision": 0.2100456621004566,
        "recall": 0.22885572139303484,
        "tp": 46
      }
    },
    "precision": 0.13960396039603962,
    "recall": 0.10665658093797277,
    "tp": 141
  },
  "relaxed_span": {
    "f1": 0.5780739934711644,
    "fn": 2024,
    "fp": 1078,
    "macro_f1": 0.5721607406839077,
    "metadata": {
      "match_definition": "One-to-one greedy match within the same doc_id and label when predicted and gold token intervals overlap by at least one token; candidates are sorted by descending overlap token count."
    },
    "per_label": {
      "I": {
        "f1": 0.4686192468619247,
        "fn": 1108,
        "fp": 289,
        "precision": 0.6806629834254143,
        "recall": 0.35730858468677495,
        "tp": 616
      },
      "O": {
        "f1": 0.6557471264367816,
        "fn": 652,
        "fp": 546,
        "precision": 0.6763485477178424,
        "recall": 0.6363636363636364,
        "tp": 1141
      },
      "P": {
        "f1": 0.5921158487530169,
        "fn": 264,
        "fp": 243,
        "precision": 0.602291325695581,
        "recall": 0.5822784810126582,
        "tp": 368
      }
    },
    "precision": 0.6634405245082735,
    "recall": 0.5121716076162931,
    "tp": 2125
  },
  "setting": "few_shot_text_v4",
  "split": "test",
  "warnings": []
}
